{
  "hough_CER": 0.42918330387787207,
  "hough_NAP_S": 0.9736963373698274,
  "hough_NAP_tau": 2,
  "sift_CER": 0.3549550708052633,
  "sift_NAP_S": 0.7921725618274649,
  "sift_NAP_tau": 2,
  "harris_CER": 0.39296735619957884,
  "harris_NAP_S": 0.9736963373698274,
  "harris_NAP_tau": 2
}