metric,value
hsi_CER,0.4742035106949991
hsi_NAP_S,0.9849003410871153
hsi_NAP_tau,2
pseudo_CER,0.4687347823466432
pseudo_NAP_S,0.9853756634694347
pseudo_NAP_tau,2
balanced_CER,0.5028886437192075
balanced_NAP_S,0.9863239558732504
balanced_NAP_tau,2
