{
  "S_A_intensity_slice": 0.9228449949758623,
  "tau_A": 2,
  "S_C_laplacian_slice": 0.485120751931715,
  "tau_C": 3,
  "FINAL_prefer_C": 0.485120751931715,
  "tau_min": 2,
  "tau_max_frac": 0.25
}