{
  "S_A_intensity_slice": 0.7486098300503446,
  "tau_A": 2,
  "S_C_laplacian_slice": 0.4342186534898084,
  "tau_C": 2,
  "FINAL_prefer_C": 0.4342186534898084,
  "tau_min": 2,
  "tau_max_frac": 0.25
}