{
  "S_A_intensity_slice": 0.8476955367251072,
  "tau_A": 2,
  "S_C_laplacian_slice": 0.357478816610773,
  "tau_C": 2,
  "FINAL_prefer_C": 0.357478816610773,
  "tau_min": 2,
  "tau_max_frac": 0.25
}