{
  "S_A_intensity_slice": 0.7667579644979612,
  "tau_A": 2,
  "S_C_laplacian_slice": 0.432961596946199,
  "tau_C": 2,
  "FINAL_prefer_C": 0.432961596946199,
  "tau_min": 2,
  "tau_max_frac": 0.25
}