{
  "S_A_intensity_slice": 0.9137139868622448,
  "tau_A": 2,
  "S_C_laplacian_slice": 0.6542063115280062,
  "tau_C": 2,
  "FINAL_prefer_C": 0.6542063115280062,
  "tau_min": 2,
  "tau_max_frac": 0.25
}