{
  "S_A_intensity_slice": 0.8444254078542502,
  "tau_A": 2,
  "S_C_laplacian_slice": 0.3934029333046304,
  "tau_C": 2,
  "FINAL_prefer_C": 0.3934029333046304,
  "tau_min": 2,
  "tau_max_frac": 0.25
}