{
  "S_A_intensity_slice": 0.7115735172004338,
  "tau_A": 2,
  "S_C_laplacian_slice": 0.4212779648341344,
  "tau_C": 2,
  "FINAL_prefer_C": 0.4212779648341344,
  "tau_min": 2,
  "tau_max_frac": 0.25
}