{
  "S_A_intensity_slice": 0.6866654580415137,
  "tau_A": 2,
  "S_C_laplacian_slice": 0.44460442288782537,
  "tau_C": 2,
  "FINAL_prefer_C": 0.44460442288782537,
  "tau_min": 2,
  "tau_max_frac": 0.25
}