{
  "S_A_intensity_slice": 0.8887033467771448,
  "tau_A": 2,
  "S_C_laplacian_slice": 0.42362794419298067,
  "tau_C": 10,
  "FINAL_prefer_C": 0.42362794419298067,
  "tau_min": 2,
  "tau_max_frac": 0.25
}