{
  "S_A_intensity_slice": 0.9798422647294565,
  "tau_A": 2,
  "S_C_laplacian_slice": 0.42102542862326714,
  "tau_C": 2,
  "FINAL_prefer_C": 0.42102542862326714,
  "tau_min": 2,
  "tau_max_frac": 0.25
}