{
  "S_A_intensity_slice": 0.9877188310019168,
  "tau_A": 2,
  "S_C_laplacian_slice": 0.6913290468889077,
  "tau_C": 2,
  "FINAL_prefer_C": 0.6913290468889077,
  "tau_min": 2,
  "tau_max_frac": 0.25
}