{
  "S_A_intensity_slice": 0.910466813082118,
  "tau_A": 2,
  "S_C_laplacian_slice": 0.5246449720486378,
  "tau_C": 2,
  "FINAL_prefer_C": 0.5246449720486378,
  "tau_min": 2,
  "tau_max_frac": 0.25
}