{
  "S_A_intensity_slice": 0.8065984622331916,
  "tau_A": 2,
  "S_C_laplacian_slice": 0.20057600733495756,
  "tau_C": 6,
  "FINAL_prefer_C": 0.20057600733495756,
  "tau_min": 2,
  "tau_max_frac": 0.25
}