{
  "hough_CER": 0.6982666717559023,
  "hough_NAP_S": 0.9851832563673822,
  "hough_NAP_tau": 2,
  "sift_CER": 0.5458091071118741,
  "sift_NAP_S": 0.9832471750407279,
  "sift_NAP_tau": 2,
  "harris_CER": 0.678901596005794,
  "harris_NAP_S": 0.9851832563673822,
  "harris_NAP_tau": 2
}