{
  "A_value_autocorr_peak": 0.8551399699519917,
  "A_best_lag": 2,
  "C_value_autocorr_peak": 0.5531784616524692,
  "C_best_lag": 2
}