{
  "A_value_autocorr_peak": 0.7443824209435954,
  "A_best_lag": 2,
  "C_value_autocorr_peak": 0.4198583948327281,
  "C_best_lag": 2
}