{
  "A_value_autocorr_peak": 0.7373634552189652,
  "A_best_lag": 3,
  "C_value_autocorr_peak": 0.5136870079419984,
  "C_best_lag": 5
}