{
  "A_value_autocorr_peak": 0.6597519339243522,
  "A_best_lag": 2,
  "C_value_autocorr_peak": 0.7903160138438649,
  "C_best_lag": 7
}