{
  "A_value_autocorr_peak": 0.6471964968625254,
  "A_best_lag": 5,
  "C_value_autocorr_peak": 0.31903027771599574,
  "C_best_lag": 7
}