{
  "A_value_autocorr_peak": 0.5302828669465632,
  "A_best_lag": 2,
  "C_value_autocorr_peak": 0.3596913943561297,
  "C_best_lag": 2
}