{
  "A_value_autocorr_peak": 0.4796880083885368,
  "A_best_lag": 2,
  "C_value_autocorr_peak": 0.1830027746024112,
  "C_best_lag": 7
}