{
  "A_value_autocorr_peak": 0.6879320058822512,
  "A_best_lag": 2,
  "C_value_autocorr_peak": 0.33278981961871607,
  "C_best_lag": 2
}