{
  "A_value_autocorr_peak": 0.4438785378223261,
  "A_best_lag": 2,
  "C_value_autocorr_peak": 0.3167589253389385,
  "C_best_lag": 40
}