{
  "A_value_autocorr_peak": 0.9709388217301634,
  "A_best_lag": 2,
  "C_value_autocorr_peak": 0.5188557219165698,
  "C_best_lag": 10
}