{
  "A_value_autocorr_peak": 0.9488574492892933,
  "A_best_lag": 2,
  "C_value_autocorr_peak": 0.6777598638862044,
  "C_best_lag": 7
}