{
  "A_value_autocorr_peak": 0.9829772550596638,
  "A_best_lag": 2,
  "C_value_autocorr_peak": 0.47922789020841,
  "C_best_lag": 5
}