{
  "A_value_autocorr_peak": 0.9174643131499548,
  "A_best_lag": 3,
  "C_value_autocorr_peak": 0.4171494101092944,
  "C_best_lag": 3
}