{
  "A_value_autocorr_peak": 0.8645211904836886,
  "A_best_lag": 2,
  "C_value_autocorr_peak": 0.5588259587957405,
  "C_best_lag": 2
}