{
  "A_value_autocorr_peak": 0.7363162801954963,
  "A_best_lag": 2,
  "C_value_autocorr_peak": 0.6934028995900308,
  "C_best_lag": 10
}