{
  "A_value_autocorr_peak": 0.7248869220892107,
  "A_best_lag": 2,
  "C_value_autocorr_peak": 0.44454813442020186,
  "C_best_lag": 2
}