{
  "hough_CER": 0.3556138687202792,
  "hough_NAP_S": 0.9584499336444064,
  "hough_NAP_tau": 4,
  "sift_CER": 0.30471086773938216,
  "sift_NAP_S": 0.8869722715987802,
  "sift_NAP_tau": 2,
  "harris_CER": 0.2518316312201217,
  "harris_NAP_S": 0.9524342657081026,
  "harris_NAP_tau": 2
}