metric,value
hsi_CER,0.36492110612987894
hsi_NAP_S,0.9512962199740101
hsi_NAP_tau,2
pseudo_CER,0.291587665071178
pseudo_NAP_S,0.9099701192444591
pseudo_NAP_tau,2
balanced_CER,0.3296653253149907
balanced_NAP_S,0.963227164009588
balanced_NAP_tau,2
