{
  "hsi_CER": 0.6863043502320845,
  "hsi_NAP_S": 0.9784660805469428,
  "hsi_NAP_tau": 2,
  "pseudo_CER": 0.454823283260606,
  "pseudo_NAP_S": 0.9857076367771895,
  "pseudo_NAP_tau": 2,
  "balanced_CER": 0.6982855083033764,
  "balanced_NAP_S": 0.9846439916569691,
  "balanced_NAP_tau": 2
}