{
  "hough_CER": 0.4450740115839828,
  "hough_NAP_S": 0.9631902430899093,
  "hough_NAP_tau": 2,
  "sift_CER": 0.3143075190213841,
  "sift_NAP_S": 0.9310571805752396,
  "sift_NAP_tau": 2,
  "harris_CER": 0.40512134853637216,
  "harris_NAP_S": 0.954571991147782,
  "harris_NAP_tau": 2
}