{
  "hough_CER": 0.44227512841743577,
  "hough_NAP_S": 0.9774554426087513,
  "hough_NAP_tau": 2,
  "sift_CER": 0.38362469299337376,
  "sift_NAP_S": 0.879446907153347,
  "sift_NAP_tau": 2,
  "harris_CER": 0.4415995834759243,
  "harris_NAP_S": 0.975908577399661,
  "harris_NAP_tau": 2
}