{
  "hsi_CER": 0.32700458549941414,
  "hsi_NAP_S": 0.9731065367047517,
  "hsi_NAP_tau": 2,
  "pseudo_CER": 0.3265348703682737,
  "pseudo_NAP_S": 0.9537065198745361,
  "pseudo_NAP_tau": 2,
  "balanced_CER": 0.33455218580628593,
  "balanced_NAP_S": 0.9772865280765961,
  "balanced_NAP_tau": 2
}