{
  "hsi_CER": 0.5500239405931068,
  "hsi_NAP_S": 0.9668450837100931,
  "hsi_NAP_tau": 2,
  "pseudo_CER": 0.4602276927760109,
  "pseudo_NAP_S": 0.9588876612791537,
  "pseudo_NAP_tau": 2,
  "balanced_CER": 0.5862201031219298,
  "balanced_NAP_S": 0.958695236366473,
  "balanced_NAP_tau": 2
}