{
  "S_A_intensity_slice": 0.8608675966768952,
  "tau_A": 2,
  "S_C_laplacian_slice": 0.2911537033477292,
  "tau_C": 2,
  "FINAL_prefer_C": 0.2911537033477292,
  "tau_min": 2,
  "tau_max_frac": 0.25
}