{
  "S_A_intensity_slice": 0.4576143451529067,
  "tau_A": 2,
  "S_C_laplacian_slice": 0.1890632649308878,
  "tau_C": 4,
  "FINAL_prefer_C": 0.1890632649308878,
  "tau_min": 2,
  "tau_max_frac": 0.25
}