{
  "S_A_intensity_slice": 0.4993457127469614,
  "tau_A": 2,
  "S_C_laplacian_slice": 0.25240281654841296,
  "tau_C": 2,
  "FINAL_prefer_C": 0.25240281654841296,
  "tau_min": 2,
  "tau_max_frac": 0.25
}