{
  "S_A_intensity_slice": 0.5644589265123606,
  "tau_A": 2,
  "S_C_laplacian_slice": 0.3051258049105608,
  "tau_C": 3,
  "FINAL_prefer_C": 0.3051258049105608,
  "tau_min": 2,
  "tau_max_frac": 0.25
}