{
  "S_A_intensity_slice": 0.9689991210817972,
  "tau_A": 2,
  "S_C_laplacian_slice": 0.14566568226409485,
  "tau_C": 2,
  "FINAL_prefer_C": 0.14566568226409485,
  "tau_min": 2,
  "tau_max_frac": 0.25
}