{
  "S_A_intensity_slice": 0.9884020615854464,
  "tau_A": 2,
  "S_C_laplacian_slice": 0.3237555072349006,
  "tau_C": 4,
  "FINAL_prefer_C": 0.3237555072349006,
  "tau_min": 2,
  "tau_max_frac": 0.25
}