{
  "S_A_intensity_slice": 0.6651045822310286,
  "tau_A": 2,
  "S_C_laplacian_slice": 0.5529649815062597,
  "tau_C": 8,
  "FINAL_prefer_C": 0.5529649815062597,
  "tau_min": 2,
  "tau_max_frac": 0.25
}