{
  "S_A_intensity_slice": 0.6072759942714531,
  "tau_A": 2,
  "S_C_laplacian_slice": 0.20739975587385678,
  "tau_C": 2,
  "FINAL_prefer_C": 0.20739975587385678,
  "tau_min": 2,
  "tau_max_frac": 0.25
}