metric,value
hsi_CER,0.5303724241202752
hsi_NAP_S,0.9252079765470054
hsi_NAP_tau,2
pseudo_CER,0.28102959628705754
pseudo_NAP_S,0.9369256024344154
pseudo_NAP_tau,2
balanced_CER,0.5538436990978329
balanced_NAP_S,0.9220915397119981
balanced_NAP_tau,2
