{
  "A_value_autocorr_peak": 0.7722944085748126,
  "A_best_lag": 2,
  "C_value_autocorr_peak": 0.5597239941959189,
  "C_best_lag": 3
}