{
  "A_value_autocorr_peak": 0.7459321195791989,
  "A_best_lag": 2,
  "C_value_autocorr_peak": 0.44039362606707344,
  "C_best_lag": 2
}