{
  "A_value_autocorr_peak": 0.671663497774873,
  "A_best_lag": 2,
  "C_value_autocorr_peak": 0.47855578487086103,
  "C_best_lag": 2
}