{
  "A_value_autocorr_peak": 0.7834406071564818,
  "A_best_lag": 2,
  "C_value_autocorr_peak": 0.45728247769536584,
  "C_best_lag": 4
}