{
  "A_value_autocorr_peak": 0.6413379355226777,
  "A_best_lag": 2,
  "C_value_autocorr_peak": 0.3862332540032106,
  "C_best_lag": 2
}