{
  "A_value_autocorr_peak": 0.5606492987866185,
  "A_best_lag": 2,
  "C_value_autocorr_peak": 0.4947807173493484,
  "C_best_lag": 2
}