{
  "A_value_autocorr_peak": 0.6849542391740341,
  "A_best_lag": 2,
  "C_value_autocorr_peak": 0.45795684911488266,
  "C_best_lag": 2
}