{
  "A_value_autocorr_peak": 0.9908393174187751,
  "A_best_lag": 2,
  "C_value_autocorr_peak": 0.576700308926594,
  "C_best_lag": 2
}