{
  "A_value_autocorr_peak": 0.9889033586036134,
  "A_best_lag": 2,
  "C_value_autocorr_peak": 0.3581966695905908,
  "C_best_lag": 2
}