{
  "A_value_autocorr_peak": 0.9723049154488694,
  "A_best_lag": 2,
  "C_value_autocorr_peak": 0.5188635399463087,
  "C_best_lag": 5
}