{
  "A_value_autocorr_peak": 0.9977037820369443,
  "A_best_lag": 2,
  "C_value_autocorr_peak": 0.49862518264568256,
  "C_best_lag": 2
}