{
  "A_value_autocorr_peak": 0.98487855126717,
  "A_best_lag": 2,
  "C_value_autocorr_peak": 0.4044745544234598,
  "C_best_lag": 3
}