{
  "A_value_autocorr_peak": 0.7998515874644342,
  "A_best_lag": 2,
  "C_value_autocorr_peak": 0.48534238622898235,
  "C_best_lag": 3
}