{
  "A_value_autocorr_peak": 0.8060926795471004,
  "A_best_lag": 2,
  "C_value_autocorr_peak": 0.5598595510006008,
  "C_best_lag": 3
}