{
  "A_value_autocorr_peak": 0.7162066241339631,
  "A_best_lag": 2,
  "C_value_autocorr_peak": 0.46495836406554547,
  "C_best_lag": 2
}