{
  "A_value_autocorr_peak": 0.6505169193160173,
  "A_best_lag": 2,
  "C_value_autocorr_peak": 0.4753531674343632,
  "C_best_lag": 2
}