{
  "hough_CER": 0.679517651059084,
  "hough_NAP_S": 0.9754651272089789,
  "hough_NAP_tau": 2,
  "sift_CER": 0.5745985502398622,
  "sift_NAP_S": 0.5840480777204344,
  "sift_NAP_tau": 2,
  "harris_CER": 0.535665891891533,
  "harris_NAP_S": 0.9754651272089789,
  "harris_NAP_tau": 2
}