{
  "hsi_CER": 0.6245289432997809,
  "hsi_NAP_S": 0.9683879331759507,
  "hsi_NAP_tau": 2,
  "pseudo_CER": 0.6868544107373374,
  "pseudo_NAP_S": 0.9726645383435457,
  "pseudo_NAP_tau": 2,
  "balanced_CER": 0.6793538142942352,
  "balanced_NAP_S": 0.9748989345862967,
  "balanced_NAP_tau": 2
}