{
  "hsi_CER": 0.4213069396054269,
  "hsi_NAP_S": 0.9796005272032189,
  "hsi_NAP_tau": 2,
  "pseudo_CER": 0.389974834417848,
  "pseudo_NAP_S": 0.9719168893916923,
  "pseudo_NAP_tau": 2,
  "balanced_CER": 0.3986174636792748,
  "balanced_NAP_S": 0.9638215869274018,
  "balanced_NAP_tau": 2
}