{
  "hough_CER": 0.6951683928232182,
  "hough_NAP_S": 0.9199323956610889,
  "hough_NAP_tau": 2,
  "sift_CER": 0.593108551447537,
  "sift_NAP_S": 0.7974014417941978,
  "sift_NAP_tau": 2,
  "harris_CER": 0.6907788313288207,
  "harris_NAP_S": 0.9199323956610889,
  "harris_NAP_tau": 2
}